crime,log_pibpc,pop_scales,edad_media,ratio_mh,urban,densidad,hab_dom
Não,10.420069079264298,De 10.001 a 50.000,40.7,107.7,"(95,97.5]","(50,100]",2.73
Não,10.379904944561632,Até 10.000,40.6,102.2,"(90,95]","(-Inf,25]",2.67
Sim,10.27800776822344,De 10.001 a 50.000,35.7,99.1,"(90,95]","(50,100]",2.93
Sim,9.994957641347108,Até 10.000,40.6,103.6,"(90,95]","(50,100]",2.79
Sim,10.277287571737574,De 10.001 a 50.000,37.7,105.5,"(97.5,100]","(100,500]",2.9
Sim,10.296117980719501,Até 10.000,37.6,104.6,"(-Inf,80]","(-Inf,25]",2.76
Não,10.765144046861101,Até 10.000,41.6,112.6,"(97.5,100]","(500, Inf]",2.68
Sim,11.062953613234345,De 10.001 a 50.000,36.3,102.9,"(95,97.5]","(25,50]",3.01
Sim,9.806876977584414,Até 10.000,35,100.5,"(80,90]","(25,50]",2.85
Não,10.005499317381606,Até 10.000,41.3,96.3,"(90,95]","(25,50]",2.67
Não,10.025000512257906,Até 10.000,36.1,88.6,"(80,90]","(-Inf,25]",2.77
Sim,10.446135628146841,De 10.001 a 50.000,38.5,101.2,"(90,95]","(-Inf,25]",2.86
Não,10.307259561493819,Até 10.000,41.6,95.9,"(80,90]","(-Inf,25]",2.73
Sim,11.697088325523477,De 10.001 a 50.000,34.8,99.3,"(80,90]","(100,500]",2.96
Sim,10.231594540682801,Até 10.000,44.3,97.8,"(-Inf,80]","(-Inf,25]",2.48
Não,9.977058130319358,De 10.001 a 50.000,38.2,103.7,"(90,95]","(50,100]",2.79
Não,9.223541847769145,Até 10.000,33.7,60.8,"(-Inf,80]","(25,50]",4.41
Não,9.682312687087594,Até 10.000,35.5,102.8,"(90,95]","(25,50]",3.05
Sim,10.852290391254407,Mais de 100.000,38.5,104.5,"(97.5,100]","(500, Inf]",2.82
Sim,9.970398725458002,De 10.001 a 50.000,34.2,100.3,"(97.5,100]","(100,500]",2.93
Não,9.786212450359692,Até 10.000,40.6,100.3,"(80,90]","(-Inf,25]",2.64
Sim,11.02280010472014,De 50.001 a 100.000,38.9,103.7,"(80,90]","(100,500]",2.88
Sim,10.517660516882172,Até 10.000,36.9,96,"(80,90]","(-Inf,25]",2.84
Sim,10.51147300808143,De 50.001 a 100.000,39,104.3,"(90,95]","(50,100]",2.81
Sim,10.633021386014851,De 10.001 a 50.000,36.1,99.3,"(-Inf,80]","(-Inf,25]",2.85
Sim,10.022355332977432,Até 10.000,35.3,96.5,"(-Inf,80]","(-Inf,25]",2.9
Não,9.848382793209344,Até 10.000,37.7,101.1,"(80,90]","(-Inf,25]",2.89
Sim,10.376621900962325,De 10.001 a 50.000,37.4,107.8,"(97.5,100]","(100,500]",3.03
Não,10.099964694604326,Até 10.000,41.6,106.6,"(80,90]","(-Inf,25]",2.65
Sim,10.10071824706475,De 10.001 a 50.000,35.2,100.6,"(80,90]","(25,50]",2.93
Sim,12.026344303446608,De 10.001 a 50.000,32.5,97.8,"(97.5,100]","(100,500]",3.05
Sim,10.625341959257376,Mais de 100.000,39.1,108.5,"(97.5,100]","(100,500]",2.72
Sim,10.166948523093895,De 10.001 a 50.000,36,102.4,"(-Inf,80]","(100,500]",2.96
Sim,10.207328489483178,Até 10.000,38.2,100.6,"(95,97.5]","(25,50]",2.83
Não,10.026897836600801,Até 10.000,36.8,99,"(80,90]","(-Inf,25]",2.85
Não,9.529124230414878,Até 10.000,37.8,100.4,"(-Inf,80]","(-Inf,25]",2.81
Sim,10.700268358536926,Mais de 100.000,38.5,107.3,"(95,97.5]","(100,500]",2.75
Sim,10.729724684549778,Mais de 100.000,37.8,103.7,"(95,97.5]","(100,500]",2.92
Não,10.05200324273161,Até 10.000,40.5,100.7,"(-Inf,80]","(-Inf,25]",2.73
Não,10.178478304803319,Até 10.000,39.7,99.1,"(80,90]","(-Inf,25]",2.75
Não,9.401569637073344,Até 10.000,35,102.2,"(-Inf,80]","(-Inf,25]",3.12
Sim,9.4811130327442,De 10.001 a 50.000,34.4,95.4,"(90,95]","(100,500]",3.01
Não,11.29566793201284,Até 10.000,37,97.8,"(90,95]","(50,100]",2.88
Sim,10.106792003889039,De 50.001 a 100.000,35.5,101.5,"(90,95]","(100,500]",2.88
Sim,11.20469885807721,De 50.001 a 100.000,33.8,102.9,"(95,97.5]","(500, Inf]",3.15
Não,9.843047288724712,Até 10.000,41.4,100.2,"(-Inf,80]","(25,50]",2.7
Sim,10.467181869097683,Mais de 100.000,38.2,105.3,"(95,97.5]","(100,500]",2.8
Sim,10.822688246361148,Mais de 100.000,36.5,104,"(90,95]","(100,500]",3.03
Não,9.975446288163342,De 10.001 a 50.000,39.9,101.6,"(90,95]","(25,50]",2.68
Não,10.933234104492461,Até 10.000,36.6,100.2,"(-Inf,80]","(-Inf,25]",2.79
Sim,10.190180385852178,De 10.001 a 50.000,34.4,82.6,"(80,90]","(25,50]",3.31
Sim,10.358592305172937,De 50.001 a 100.000,37,102,"(95,97.5]","(50,100]",2.86
Não,10.087006725235115,De 10.001 a 50.000,37.8,101.4,"(90,95]","(100,500]",2.77
Não,9.565083952031829,Até 10.000,34.2,24.4,"(-Inf,80]","(25,50]",7.52
Não,10.144958918654819,Até 10.000,40.2,105.5,"(90,95]","(50,100]",2.72
Não,9.749544101235555,De 10.001 a 50.000,37.3,102.9,"(80,90]","(-Inf,25]",2.83
Não,9.821943384902184,Até 10.000,37.2,98,"(-Inf,80]","(-Inf,25]",2.81
Não,9.667036472531173,Até 10.000,35.8,99.5,"(80,90]","(25,50]",2.95
Sim,10.447910221620445,De 10.001 a 50.000,37.8,100.7,"(95,97.5]","(50,100]",2.89
Sim,10.392117259371664,De 10.001 a 50.000,39.9,105.3,"(97.5,100]","(100,500]",2.81
Não,9.891947724100724,Até 10.000,34.5,91.8,"(-Inf,80]","(-Inf,25]",2.99
Sim,9.445063816773983,Até 10.000,34.5,93.8,"(-Inf,80]","(-Inf,25]",2.98
Sim,10.624324556875237,Mais de 100.000,38,106.8,"(95,97.5]","(50,100]",2.8
Sim,9.659380162480618,De 10.001 a 50.000,33.3,99.8,"(97.5,100]","(100,500]",2.92
Sim,12.213756449354396,Mais de 100.000,33.4,105.6,"(97.5,100]","(500, Inf]",3.01
Sim,10.87609566690472,De 10.001 a 50.000,37.8,104.8,"(80,90]","(100,500]",2.88
Sim,10.248632075937225,De 50.001 a 100.000,38.1,104,"(80,90]","(50,100]",2.86
Sim,10.652364335003567,Mais de 100.000,38,106.4,"(97.5,100]","(500, Inf]",2.81
Sim,10.70569158388232,De 50.001 a 100.000,38.8,105.9,"(95,97.5]","(100,500]",2.81
Não,10.631473020897444,Até 10.000,36.8,97.9,"(95,97.5]","(-Inf,25]",2.8
Sim,10.124973731166685,De 10.001 a 50.000,38.6,105.7,"(90,95]","(25,50]",2.86
Sim,10.297470323535258,De 50.001 a 100.000,32.3,101.6,"(97.5,100]","(100,500]",2.97
Não,10.205868071618026,Até 10.000,39.5,103.2,"(90,95]","(25,50]",2.71
Sim,10.266197200962107,Mais de 100.000,38.2,105.8,"(95,97.5]","(100,500]",2.74
Sim,10.075070405292426,De 10.001 a 50.000,34.7,99.4,"(80,90]","(100,500]",3.06
Sim,10.00640012442296,De 10.001 a 50.000,35.4,100.4,"(90,95]","(-Inf,25]",2.9
Não,9.853328877382555,De 10.001 a 50.000,36.4,101.6,"(90,95]","(25,50]",2.97
Não,9.718283846336936,De 10.001 a 50.000,36.4,99.1,"(-Inf,80]","(-Inf,25]",2.82
Sim,10.861439286864925,De 50.001 a 100.000,35.2,99.9,"(90,95]","(100,500]",2.91
Sim,10.546479212251286,De 10.001 a 50.000,34.9,100.4,"(90,95]","(100,500]",2.87
Não,9.643292882794977,Até 10.000,31.7,98.8,"(-Inf,80]","(25,50]",3.19
Não,10.861033657008692,Até 10.000,37.7,92.6,"(-Inf,80]","(-Inf,25]",2.9
Sim,11.31422498291792,Até 10.000,35.9,97,"(90,95]","(25,50]",3.07
Não,10.197086585201815,De 10.001 a 50.000,38.7,98.9,"(90,95]","(25,50]",2.75
Não,10.033790113088136,Até 10.000,35,102.8,"(90,95]","(-Inf,25]",2.93
Sim,10.510917790691668,Mais de 100.000,37.3,105.8,"(95,97.5]","(50,100]",2.81
Sim,10.593841084491098,Mais de 100.000,36.9,103.9,"(97.5,100]","(100,500]",2.98
Não,9.786613228875908,Até 10.000,38.2,99.4,"(90,95]","(25,50]",2.88
Não,9.89119632391848,Até 10.000,37.8,96.9,"(80,90]","(25,50]",2.8
Sim,10.246532072879393,De 10.001 a 50.000,36.8,103.3,"(97.5,100]","(50,100]",2.95
Sim,10.58330326262717,De 10.001 a 50.000,36.4,101.8,"(80,90]","(-Inf,25]",2.91
Não,10.07016445068879,De 10.001 a 50.000,33.2,97.3,"(80,90]","(-Inf,25]",3.07
Sim,10.500188533265275,De 10.001 a 50.000,38.2,101,"(95,97.5]","(50,100]",2.72
Não,10.593483523245524,Até 10.000,38.7,96.7,"(80,90]","(-Inf,25]",2.67
Não,9.752388461870881,Até 10.000,36.7,98.1,"(80,90]","(-Inf,25]",2.77
Sim,11.60292054462204,De 50.001 a 100.000,33.6,99.1,"(80,90]","(100,500]",3.05
Sim,10.705297415594714,De 50.001 a 100.000,36.7,102.6,"(80,90]","(100,500]",3.06
Sim,9.867763997191801,De 10.001 a 50.000,37.2,104.9,"(80,90]","(100,500]",2.98
Sim,9.969852841616664,De 10.001 a 50.000,37.5,101.3,"(-Inf,80]","(25,50]",2.94
Sim,10.293822440632463,De 10.001 a 50.000,37.8,103.2,"(90,95]","(-Inf,25]",2.85
Não,9.566473769305016,Até 10.000,38.6,95.1,"(80,90]","(-Inf,25]",2.66
Sim,10.582695532268403,Mais de 100.000,34.8,104.1,"(97.5,100]","(500, Inf]",3
Não,9.56292988188254,Até 10.000,38,93.8,"(-Inf,80]","(-Inf,25]",2.83
Sim,12.448107624810792,De 50.001 a 100.000,33,100.9,"(97.5,100]","(500, Inf]",2.92
Sim,10.784380924916503,De 10.001 a 50.000,33.9,98.8,"(-Inf,80]","(50,100]",2.98
Não,9.642758949644605,De 10.001 a 50.000,38.8,96.9,"(95,97.5]","(50,100]",2.76
Sim,10.064811017751138,De 10.001 a 50.000,35.8,100.8,"(80,90]","(25,50]",2.92
Não,9.910222322972233,Até 10.000,36.1,98.6,"(80,90]","(25,50]",2.77
Sim,10.940912144224066,Mais de 100.000,37.6,107.2,"(97.5,100]","(500, Inf]",2.81
Sim,10.173113846063313,De 50.001 a 100.000,35.5,104,"(97.5,100]","(500, Inf]",2.99
Não,10.182119546286144,De 50.001 a 100.000,34.8,105.7,"(97.5,100]","(100,500]",2.99
Não,10.383408405651357,Até 10.000,36.9,95.6,"(80,90]","(-Inf,25]",2.77
Sim,10.124445517194888,De 10.001 a 50.000,35.4,101,"(80,90]","(-Inf,25]",3.01
Sim,9.978189098490061,Até 10.000,33.7,99.2,"(95,97.5]","(50,100]",3.23
Sim,10.653197233303647,De 10.001 a 50.000,38.4,104.4,"(95,97.5]","(50,100]",2.79
Não,10.587322256270765,Até 10.000,41.4,104.9,"(80,90]","(25,50]",2.82
Não,10.268894957312437,Até 10.000,32.8,98.5,"(95,97.5]","(50,100]",3.2
Não,9.922293114300182,De 10.001 a 50.000,35.2,101.4,"(80,90]","(25,50]",3.04
Sim,9.640273026698866,De 10.001 a 50.000,34.4,95.5,"(80,90]","(100,500]",2.99
Sim,10.597594522350972,De 50.001 a 100.000,35.4,100.3,"(97.5,100]","(100,500]",3.11
Sim,10.468412933885189,Mais de 100.000,35.3,103.9,"(95,97.5]","(100,500]",2.87
Sim,9.66102738080526,Mais de 100.000,34.7,105.9,"(97.5,100]","(500, Inf]",3
Sim,9.994177073519728,De 10.001 a 50.000,39.8,104.4,"(90,95]","(-Inf,25]",2.61
Sim,10.341569887928369,De 10.001 a 50.000,37.3,90.9,"(80,90]","(25,50]",3.13
Não,11.170456141718745,Até 10.000,39.1,97.1,"(-Inf,80]","(-Inf,25]",2.82
Sim,10.439272192428307,De 10.001 a 50.000,36.5,102.2,"(-Inf,80]","(-Inf,25]",2.97
Não,10.522650407143999,Mais de 100.000,39.2,106.1,"(97.5,100]","(100,500]",2.75
Sim,9.77740378593819,Até 10.000,37.9,98.2,"(90,95]","(50,100]",2.84
Sim,10.653977504941041,Até 10.000,39.4,101.6,"(80,90]","(25,50]",2.82
Sim,10.570138795492106,De 10.001 a 50.000,36.1,103.3,"(90,95]","(25,50]",2.88
Sim,10.650316011478921,De 10.001 a 50.000,36.9,102.3,"(90,95]","(100,500]",2.9
Sim,10.207101904494387,De 10.001 a 50.000,36,93.8,"(-Inf,80]","(50,100]",3.1
Sim,9.887612711378726,De 10.001 a 50.000,35.6,97.6,"(90,95]","(50,100]",3.05
Não,9.86733173777967,Até 10.000,34.5,94,"(95,97.5]","(25,50]",2.91
Sim,10.912157628052569,De 10.001 a 50.000,37.9,103.4,"(95,97.5]","(25,50]",2.9
Não,10.72923106368632,Até 10.000,36.2,98.3,"(-Inf,80]","(-Inf,25]",2.94
Sim,10.179121841017036,De 10.001 a 50.000,34.9,99,"(95,97.5]","(100,500]",3.08
Não,10.013963064268882,De 10.001 a 50.000,37.1,100.4,"(80,90]","(25,50]",2.89
Sim,11.772276038984947,De 10.001 a 50.000,36.1,99.4,"(80,90]","(100,500]",2.94
Sim,10.244914636459445,Até 10.000,37.6,101.7,"(80,90]","(-Inf,25]",2.76
Não,9.792675537755573,Até 10.000,37.7,96.8,"(80,90]","(-Inf,25]",2.75
Sim,10.988417496709951,Até 10.000,37.5,99.2,"(-Inf,80]","(-Inf,25]",2.81
Sim,10.115975332232333,De 50.001 a 100.000,35.1,101.4,"(90,95]","(100,500]",2.93
Sim,10.800960739760836,Até 10.000,41.6,100.7,"(-Inf,80]","(-Inf,25]",2.57
Sim,10.916119205545474,Mais de 100.000,33.8,104.4,"(97.5,100]","(500, Inf]",3.09
Sim,10.491163377962446,De 10.001 a 50.000,36.5,100.8,"(97.5,100]","(100,500]",3.04
Sim,10.086859390924559,Até 10.000,36.4,97.7,"(80,90]","(-Inf,25]",2.88
Não,10.794142887538442,Até 10.000,40.1,107,"(-Inf,80]","(-Inf,25]",2.66
Sim,10.305061098328585,De 50.001 a 100.000,37.2,105.9,"(97.5,100]","(100,500]",3.01
Sim,11.673772076924173,Mais de 100.000,34.9,101.5,"(97.5,100]","(500, Inf]",2.84
Sim,9.410526404553705,De 10.001 a 50.000,37.9,97.4,"(-Inf,80]","(-Inf,25]",2.77
Sim,10.785694371280176,De 10.001 a 50.000,38.7,103.6,"(90,95]","(25,50]",2.89
Sim,10.544977425095185,Mais de 100.000,34.5,106.7,"(97.5,100]","(500, Inf]",2.91
Não,10.179627267532634,Até 10.000,40.9,98,"(80,90]","(-Inf,25]",2.64
Sim,10.255316624178265,De 10.001 a 50.000,39.7,103.1,"(-Inf,80]","(25,50]",2.85
Sim,9.448595565098449,Até 10.000,34.1,95,"(97.5,100]","(50,100]",2.8
Não,10.136641234895636,De 10.001 a 50.000,35.7,100.2,"(95,97.5]","(25,50]",3
Não,10.049346522380679,Até 10.000,41,93.4,"(90,95]","(25,50]",2.66
Não,10.993517619063413,Até 10.000,39.7,99.2,"(90,95]","(25,50]",2.72
Sim,10.267146501437251,De 10.001 a 50.000,39.8,103.4,"(90,95]","(50,100]",2.82
Não,9.893176071476073,De 10.001 a 50.000,39.7,107,"(90,95]","(25,50]",2.77
Sim,9.93423302904195,Até 10.000,36.1,100.4,"(97.5,100]","(50,100]",2.94
Sim,9.896451859995008,Até 10.000,38.1,104.1,"(80,90]","(-Inf,25]",2.84
Não,9.91395705552681,De 10.001 a 50.000,33.6,98.2,"(-Inf,80]","(-Inf,25]",3.11
Sim,10.64202459898862,De 10.001 a 50.000,35.7,94.6,"(80,90]","(50,100]",3.1
Não,9.841250913367604,Até 10.000,38.1,92.9,"(90,95]","(25,50]",2.83
Não,10.012518623456202,Até 10.000,39.3,93.4,"(80,90]","(25,50]",2.73
Sim,10.915005369853276,Mais de 100.000,33.4,105.8,"(97.5,100]","(500, Inf]",3.09
Sim,9.794451958710326,De 50.001 a 100.000,34.8,102.3,"(95,97.5]","(100,500]",3.05
Não,9.901728005440667,Até 10.000,40.1,100.1,"(80,90]","(-Inf,25]",2.68
Sim,10.18315433822874,De 10.001 a 50.000,32.8,92.7,"(-Inf,80]","(100,500]",2.87
Sim,10.492203230216656,De 10.001 a 50.000,38.8,104.7,"(90,95]","(100,500]",2.91
Sim,9.653788889631588,Até 10.000,34.4,100.6,"(80,90]","(25,50]",2.85
Não,10.829358645843106,Até 10.000,40.2,99.7,"(80,90]","(25,50]",2.71
Não,9.852994990108735,Até 10.000,37,96.6,"(80,90]","(-Inf,25]",2.92
Não,9.565195460982993,Até 10.000,35.9,100.8,"(-Inf,80]","(-Inf,25]",2.85
Sim,10.08986296467723,De 10.001 a 50.000,37.9,107.3,"(80,90]","(25,50]",2.84
Sim,10.414678109705823,De 50.001 a 100.000,40.3,106.3,"(95,97.5]","(100,500]",2.68
Não,10.466688335263093,Até 10.000,40.8,105.3,"(90,95]","(25,50]",2.75
Não,10.591432223481046,Até 10.000,38.2,99.5,"(-Inf,80]","(-Inf,25]",2.78
Sim,9.743583436725523,Mais de 100.000,33.5,104.7,"(95,97.5]","(500, Inf]",3.02
Não,10.00357720155014,Até 10.000,41.5,101.9,"(80,90]","(-Inf,25]",2.57
Não,10.024764034552355,Até 10.000,43.9,104.2,"(80,90]","(-Inf,25]",2.54
Não,9.731147019193626,De 10.001 a 50.000,37.4,82.6,"(-Inf,80]","(-Inf,25]",3.06
Não,10.85803199170253,Até 10.000,39.1,107,"(90,95]","(-Inf,25]",2.73
Sim,10.30596888026238,Mais de 100.000,36.8,104.6,"(97.5,100]","(500, Inf]",2.9
Sim,9.129271304442183,Mais de 100.000,32.7,102,"(97.5,100]","(500, Inf]",3.01
Sim,10.001628721307018,Mais de 100.000,33.5,96.6,"(90,95]","(500, Inf]",3.24
Não,10.25273533325531,Até 10.000,41.9,99.8,"(80,90]","(-Inf,25]",2.65
Não,10.036142561248429,Até 10.000,40,102.3,"(-Inf,80]","(-Inf,25]",2.66
Não,10.225960468626253,De 10.001 a 50.000,38.6,106,"(90,95]","(50,100]",2.87
Não,9.653191819494706,Até 10.000,36.4,84.4,"(90,95]","(25,50]",2.94
Sim,12.367617690956767,Até 10.000,35.9,95.3,"(80,90]","(-Inf,25]",2.87
Não,9.99973638257954,De 10.001 a 50.000,40,101.6,"(80,90]","(-Inf,25]",2.67
Não,9.73857753136161,De 10.001 a 50.000,37,84.3,"(80,90]","(-Inf,25]",3.26
Não,10.035418039394568,Até 10.000,37.9,101.4,"(-Inf,80]","(-Inf,25]",2.91
Sim,9.550106463610248,De 10.001 a 50.000,35.7,99.8,"(90,95]","(25,50]",2.96
Não,10.274818668163237,Até 10.000,36.6,102.4,"(90,95]","(25,50]",2.9
Sim,11.381051326911866,De 10.001 a 50.000,38,103,"(95,97.5]","(25,50]",2.76
Não,10.317377075404188,De 10.001 a 50.000,37.9,99,"(90,95]","(50,100]",2.8
Não,9.837369117324668,De 10.001 a 50.000,35.4,98,"(-Inf,80]","(25,50]",3.01
Sim,10.069246029030612,De 10.001 a 50.000,35.3,101.5,"(97.5,100]","(50,100]",2.92
Não,10.356987301382523,Até 10.000,40.1,103.3,"(80,90]","(-Inf,25]",2.75
Não,10.2986521251433,De 10.001 a 50.000,36,97.4,"(90,95]","(-Inf,25]",2.84
Não,9.781500693181655,Até 10.000,40.2,104.6,"(80,90]","(-Inf,25]",2.53
Sim,10.056599121245807,Até 10.000,36.1,99.8,"(90,95]","(-Inf,25]",2.9
Sim,10.328460146351262,De 10.001 a 50.000,38.4,104,"(90,95]","(25,50]",2.8
Sim,10.810604533940499,De 10.001 a 50.000,35.2,100.4,"(80,90]","(100,500]",3.05
Sim,10.916910984233779,Mais de 100.000,37.7,107.9,"(95,97.5]","(100,500]",2.98
Não,9.579881885457027,De 10.001 a 50.000,35.3,67,"(-Inf,80]","(25,50]",3.58
Sim,10.031105180775107,De 10.001 a 50.000,34.9,99.6,"(97.5,100]","(100,500]",2.9
Sim,10.275894201741862,Mais de 100.000,35,105.3,"(97.5,100]","(500, Inf]",3.04
Sim,10.793168154558202,Mais de 100.000,34.3,105.2,"(97.5,100]","(500, Inf]",3.02
Não,10.36384101837394,Até 10.000,36.1,96.6,"(80,90]","(-Inf,25]",3.01
Não,9.533352425412563,Até 10.000,37.2,98.2,"(80,90]","(-Inf,25]",2.77
Não,10.316961504069454,Até 10.000,36.7,100.4,"(90,95]","(25,50]",2.81
Sim,11.169190579041823,De 10.001 a 50.000,35.1,97.8,"(80,90]","(100,500]",3.08
Sim,11.08302216190478,Mais de 100.000,34.5,99.1,"(97.5,100]","(500, Inf]",3.03
Não,10.626789474235608,De 10.001 a 50.000,37,95.6,"(80,90]","(-Inf,25]",2.94
Não,10.190965729202576,Até 10.000,39.2,98,"(80,90]","(-Inf,25]",2.81
Sim,9.958028293257318,Até 10.000,35,55.7,"(-Inf,80]","(-Inf,25]",4.24
Sim,10.008620692346025,De 10.001 a 50.000,34.5,96.3,"(95,97.5]","(100,500]",3.04
Sim,9.928164555248568,De 10.001 a 50.000,38.1,102.3,"(90,95]","(25,50]",2.75
Sim,10.040046108674334,Até 10.000,36.3,99.8,"(90,95]","(25,50]",2.85
Sim,10.158609113371094,De 50.001 a 100.000,37.4,103.5,"(95,97.5]","(50,100]",2.84
Sim,10.098571489265181,De 50.001 a 100.000,35.5,98.6,"(-Inf,80]","(50,100]",2.95
Não,9.988900736428588,Até 10.000,35.6,97.1,"(80,90]","(-Inf,25]",2.84
Não,10.36692435479325,Até 10.000,37.9,103.9,"(90,95]","(-Inf,25]",2.86
Sim,9.516608155110795,De 10.001 a 50.000,36.4,101.6,"(97.5,100]","(100,500]",3.01
Não,10.628158351394546,De 10.001 a 50.000,37.5,102.5,"(95,97.5]","(50,100]",2.77
Sim,10.025402484583893,Até 10.000,36.3,97.1,"(80,90]","(25,50]",2.86
Sim,10.662965163429979,De 10.001 a 50.000,37.2,101.5,"(80,90]","(-Inf,25]",2.93
Sim,13.025878886366385,De 10.001 a 50.000,34.1,98.6,"(97.5,100]","(50,100]",2.77
Não,11.541227944388053,De 10.001 a 50.000,38,105.8,"(97.5,100]","(50,100]",2.8
Sim,10.137681027949007,De 10.001 a 50.000,40.1,107.3,"(90,95]","(25,50]",2.78
Sim,11.15464494707289,Mais de 100.000,36.4,102.1,"(97.5,100]","(500, Inf]",2.92
Não,9.517523555684516,Até 10.000,38.8,100,"(80,90]","(25,50]",2.71
Não,10.071983981136384,Até 10.000,40.9,106.6,"(90,95]","(-Inf,25]",2.59
Não,10.45692342693888,Até 10.000,38.1,101,"(90,95]","(25,50]",2.82
Não,10.063714307006782,De 10.001 a 50.000,36.3,99.4,"(90,95]","(50,100]",2.98
Sim,9.916388476599728,De 10.001 a 50.000,34,89.2,"(-Inf,80]","(100,500]",3.2
Sim,11.068315392839745,Até 10.000,34.5,95.4,"(90,95]","(25,50]",3
Não,9.926935488398676,Até 10.000,38.1,98.9,"(-Inf,80]","(25,50]",2.85
Não,9.488275850319056,Até 10.000,34.2,99.9,"(-Inf,80]","(-Inf,25]",3.09
Sim,10.062432151719351,De 10.001 a 50.000,35,97.9,"(95,97.5]","(25,50]",2.84
Sim,12.603747824103449,De 10.001 a 50.000,36.3,100.8,"(97.5,100]","(100,500]",2.99
Não,9.94705170390536,Até 10.000,37.7,93,"(90,95]","(25,50]",2.86
Não,9.47345281802448,Até 10.000,39.1,72.3,"(-Inf,80]","(25,50]",3.28
Não,10.42241377765802,De 10.001 a 50.000,36.7,99.5,"(-Inf,80]","(-Inf,25]",2.88
Sim,10.191537932154496,De 10.001 a 50.000,35.2,90.5,"(-Inf,80]","(-Inf,25]",3.07
Não,10.64257608133528,De 10.001 a 50.000,41,100.2,"(80,90]","(25,50]",2.7
Não,10.203147231212196,Até 10.000,37.1,93.5,"(80,90]","(-Inf,25]",2.96
Sim,9.946665330019428,De 50.001 a 100.000,35.7,107.7,"(97.5,100]","(100,500]",2.93
Não,9.494477418241237,Até 10.000,36.9,92.9,"(-Inf,80]","(-Inf,25]",3
Sim,10.047902132846762,Mais de 100.000,33.2,100.6,"(97.5,100]","(500, Inf]",3.15
Sim,10.338225337813567,Mais de 100.000,35.4,101,"(90,95]","(50,100]",3.08
Sim,10.369298969225387,De 50.001 a 100.000,34.7,103,"(90,95]","(50,100]",2.93
Sim,10.84962694755072,Mais de 100.000,32.3,103.3,"(97.5,100]","(500, Inf]",3.04
Sim,10.889730375698788,De 50.001 a 100.000,39.1,103.1,"(90,95]","(100,500]",2.91
Não,9.310573866896195,Até 10.000,33,97,"(-Inf,80]","(-Inf,25]",2.97
Sim,10.3659868445458,De 10.001 a 50.000,38.9,102.8,"(90,95]","(25,50]",2.72
Não,9.91663721550955,De 10.001 a 50.000,36.8,101.3,"(80,90]","(25,50]",2.83
Sim,10.713791350371201,De 10.001 a 50.000,36,99.7,"(95,97.5]","(50,100]",2.96
Não,9.885019564212998,Até 10.000,37,96.1,"(-Inf,80]","(-Inf,25]",2.87
Sim,9.950123970486917,Mais de 100.000,32.8,103.4,"(97.5,100]","(500, Inf]",3.08
Sim,9.8692656047114955,De 10.001 a 50.000,35.7,104.2,"(90,95]","(25,50]",2.82
Não,9.85908049351153,De 10.001 a 50.000,34.3,100.1,"(-Inf,80]","(50,100]",2.93
Sim,10.910675651151893,Mais de 100.000,36.8,103.3,"(80,90]","(100,500]",2.91
Não,9.892369475132275,De 10.001 a 50.000,33.4,96.9,"(90,95]","(-Inf,25]",3.08
Sim,10.649495173868006,De 10.001 a 50.000,34.6,72.5,"(90,95]","(25,50]",3.54
Sim,9.713495250657925,Até 10.000,36,98.3,"(80,90]","(25,50]",3.05
Não,9.80999521944681,Até 10.000,37.7,95.7,"(90,95]","(50,100]",2.89
Sim,10.799295333746633,Mais de 100.000,36.1,103,"(95,97.5]","(100,500]",2.97
Sim,11.759267283628613,De 50.001 a 100.000,34,98.6,"(90,95]","(100,500]",2.98
Sim,10.589764940010445,De 10.001 a 50.000,38.2,105.6,"(90,95]","(50,100]",2.77
Sim,9.93379801395869,Até 10.000,37.4,99.4,"(95,97.5]","(-Inf,25]",2.9
Sim,10.590747185450988,De 50.001 a 100.000,38.5,106.2,"(97.5,100]","(100,500]",2.81
Sim,10.985794461402813,Mais de 100.000,36.6,105.2,"(97.5,100]","(100,500]",2.97
Não,11.088212397709064,Até 10.000,36.5,97.9,"(90,95]","(25,50]",2.85
Sim,10.295831284002308,De 10.001 a 50.000,35.6,97.6,"(-Inf,80]","(-Inf,25]",2.88
Sim,12.341474880786768,De 50.001 a 100.000,35.7,102.8,"(97.5,100]","(100,500]",2.94
Sim,10.442408092050501,De 10.001 a 50.000,40.6,105.9,"(90,95]","(100,500]",2.61
Não,10.633061884424933,Até 10.000,36.2,96.4,"(-Inf,80]","(25,50]",2.9
Sim,10.436497670581975,Mais de 100.000,34.1,104.5,"(97.5,100]","(500, Inf]",2.84
Sim,10.257060239447691,De 10.001 a 50.000,35.8,100.1,"(97.5,100]","(50,100]",3.02
Sim,11.366943166229982,De 10.001 a 50.000,34.9,101,"(80,90]","(100,500]",3.05
Sim,10.422301583841746,Mais de 100.000,37.3,105,"(97.5,100]","(100,500]",2.91
Não,10.403813042334914,Até 10.000,35.5,96.1,"(80,90]","(-Inf,25]",2.83
Sim,9.738270869724936,De 10.001 a 50.000,38.2,100,"(97.5,100]","(25,50]",2.74
Sim,10.279963849260424,Até 10.000,35.6,97.1,"(80,90]","(-Inf,25]",2.84
Sim,10.47480545995048,De 10.001 a 50.000,37.4,101.4,"(90,95]","(25,50]",2.84
Não,9.36066545782697,Até 10.000,36.2,105.8,"(95,97.5]","(25,50]",2.9
Sim,10.540123110041861,Até 10.000,36.3,95,"(-Inf,80]","(50,100]",2.84
Sim,11.663800299355666,Mais de 100.000,38.1,104.9,"(95,97.5]","(500, Inf]",2.86
Não,10.300286215257348,De 10.001 a 50.000,38.4,91,"(80,90]","(25,50]",3.04
Sim,9.820391772309376,De 10.001 a 50.000,35.6,100.3,"(-Inf,80]","(-Inf,25]",2.93
Sim,9.798845667490347,De 10.001 a 50.000,34.3,99.4,"(80,90]","(50,100]",2.92
Não,9.460754283802718,Até 10.000,39.3,98.8,"(-Inf,80]","(-Inf,25]",2.62
Sim,10.637801868048516,De 10.001 a 50.000,37.2,103.4,"(90,95]","(50,100]",2.92
Não,9.811379390795906,Até 10.000,36.3,41.6,"(-Inf,80]","(-Inf,25]",4.65
Não,9.584937941821291,Até 10.000,34.1,100.1,"(90,95]","(25,50]",3.11
Sim,10.430101580905841,Mais de 100.000,35.8,100.6,"(97.5,100]","(100,500]",2.91
Sim,10.750816126737371,De 50.001 a 100.000,36.7,102.4,"(97.5,100]","(50,100]",2.97
Sim,10.754244494824007,Mais de 100.000,37.7,104.1,"(97.5,100]","(500, Inf]",2.9
Não,10.099198651324052,Até 10.000,37.5,103.2,"(97.5,100]","(100,500]",2.74
Sim,11.184359312737609,De 50.001 a 100.000,38.4,106.2,"(97.5,100]","(100,500]",2.84
Sim,10.401858437034527,De 50.001 a 100.000,36.7,107.1,"(97.5,100]","(100,500]",2.98
Não,9.687109811421825,Até 10.000,40.4,92.8,"(80,90]","(-Inf,25]",2.68
Sim,12.736948777632007,De 10.001 a 50.000,33.8,98.5,"(97.5,100]","(500, Inf]",2.91
Sim,9.864607941201006,De 10.001 a 50.000,38.7,90.7,"(80,90]","(50,100]",2.97
Não,10.080556170104185,Até 10.000,37.5,102.9,"(80,90]","(-Inf,25]",2.91
Sim,11.509897485263261,De 10.001 a 50.000,33.9,94.5,"(97.5,100]","(-Inf,25]",2.98
Não,9.500342251593437,Até 10.000,36,93.8,"(90,95]","(25,50]",2.93
Não,9.71853052594049,Até 10.000,36.5,106.7,"(95,97.5]","(25,50]",2.96
Não,10.235624333206578,Até 10.000,38.2,102.1,"(80,90]","(-Inf,25]",2.67
Não,10.549475251141406,De 10.001 a 50.000,36.3,100.1,"(97.5,100]","(50,100]",3.12
Não,9.99856406867959,Até 10.000,41.2,99.8,"(90,95]","(25,50]",2.59
Não,9.953213944973738,Até 10.000,41.5,102,"(-Inf,80]","(-Inf,25]",2.63
Não,10.335105020293447,Até 10.000,41.5,97.3,"(80,90]","(-Inf,25]",2.59
Sim,10.5239769396939,De 10.001 a 50.000,35.6,102,"(80,90]","(100,500]",2.97
Sim,9.856923059721664,Mais de 100.000,35.4,99.4,"(90,95]","(100,500]",3.13
Não,10.069145201097632,Até 10.000,37.7,101.9,"(90,95]","(25,50]",2.82
Não,9.969823363829695,Até 10.000,35.9,60,"(-Inf,80]","(-Inf,25]",3.58
Não,10.285703821977249,De 10.001 a 50.000,37.7,101.8,"(90,95]","(25,50]",2.73
Não,11.017375078456393,Até 10.000,39.2,97,"(90,95]","(25,50]",2.68
Não,9.582864845889892,Até 10.000,38.3,96.1,"(80,90]","(-Inf,25]",2.72
Sim,10.503139105994775,Mais de 100.000,38.2,107.4,"(95,97.5]","(100,500]",2.85
Não,9.798055367643457,Até 10.000,39.4,98.1,"(80,90]","(25,50]",2.76
Sim,9.85030879757386,De 10.001 a 50.000,37.5,93.8,"(80,90]","(-Inf,25]",2.95
Sim,10.813088155319239,De 50.001 a 100.000,38.1,103,"(97.5,100]","(100,500]",2.86
Sim,10.483071220219234,Mais de 100.000,35.3,104.8,"(97.5,100]","(500, Inf]",2.9
Não,10.479377621617322,Até 10.000,39.4,98.9,"(80,90]","(25,50]",2.67
Sim,11.035976653685019,Até 10.000,40.6,107.5,"(-Inf,80]","(-Inf,25]",2.74
Não,10.366898246064864,Até 10.000,38.5,101.2,"(80,90]","(-Inf,25]",2.72
Sim,10.79337106271749,De 10.001 a 50.000,36.1,101.6,"(95,97.5]","(25,50]",2.81
Não,9.548603860490255,De 10.001 a 50.000,36.6,101.8,"(95,97.5]","(50,100]",2.95
Sim,9.941312099194706,De 10.001 a 50.000,34.1,101.6,"(-Inf,80]","(-Inf,25]",3.03
Não,10.04445746067895,Até 10.000,40.5,103.5,"(-Inf,80]","(-Inf,25]",2.5
Não,9.975264345315694,De 10.001 a 50.000,38.6,84.5,"(90,95]","(25,50]",3.18
Sim,9.940234535463244,De 10.001 a 50.000,38.5,99.7,"(-Inf,80]","(-Inf,25]",2.8
Sim,10.418544013674335,De 50.001 a 100.000,38.7,103.9,"(95,97.5]","(100,500]",2.78
Não,10.520131047357019,Até 10.000,37.9,97.4,"(80,90]","(25,50]",2.82
Sim,10.384375791407203,De 50.001 a 100.000,38.6,101.9,"(95,97.5]","(50,100]",2.92
Sim,10.54176082543069,Mais de 100.000,35.5,105.5,"(90,95]","(500, Inf]",2.98
Sim,10.571077152778951,Mais de 100.000,37.3,102.7,"(95,97.5]","(100,500]",2.93
Sim,10.863217969786337,De 50.001 a 100.000,38.5,104.2,"(95,97.5]","(100,500]",2.87
Sim,10.305414073891118,Até 10.000,35.6,98.1,"(80,90]","(-Inf,25]",3.09
Não,10.132732452708314,Até 10.000,41.4,97.2,"(80,90]","(-Inf,25]",2.67
Sim,9.940017147877919,De 50.001 a 100.000,35.6,102.4,"(97.5,100]","(100,500]",3.05
Não,10.126887071087928,Até 10.000,39.2,100.7,"(-Inf,80]","(50,100]",2.79
Sim,10.598664920869544,De 10.001 a 50.000,39.5,103.9,"(95,97.5]","(100,500]",2.8
Sim,10.172966066000255,De 10.001 a 50.000,39.3,103,"(90,95]","(25,50]",2.72
Sim,10.340480720036563,De 10.001 a 50.000,38.8,101.4,"(95,97.5]","(50,100]",2.79
Não,10.101379344966809,Até 10.000,41.4,104.3,"(80,90]","(-Inf,25]",2.64
Sim,9.595362607875128,Até 10.000,38,94.6,"(-Inf,80]","(-Inf,25]",2.79
Sim,10.991498343387873,De 50.001 a 100.000,34.1,101.2,"(95,97.5]","(100,500]",3.02
Sim,10.296113253760472,De 10.001 a 50.000,34.5,97,"(97.5,100]","(-Inf,25]",2.9
Sim,10.563874684829816,De 10.001 a 50.000,35.9,100.8,"(90,95]","(50,100]",3.02
Não,9.857353034016246,Até 10.000,37.1,99.5,"(80,90]","(-Inf,25]",2.77
Não,9.736670576124215,Até 10.000,41.6,103.1,"(-Inf,80]","(-Inf,25]",2.69
Sim,10.487069556895914,Até 10.000,34.6,101,"(95,97.5]","(-Inf,25]",2.86
Não,10.363775701474147,Até 10.000,34.7,98.9,"(80,90]","(-Inf,25]",2.9
Não,9.305075841211476,Até 10.000,38.9,95.1,"(-Inf,80]","(-Inf,25]",2.6
Sim,9.908319858118096,De 10.001 a 50.000,36.2,96.5,"(95,97.5]","(50,100]",2.93
Sim,10.137521982348874,Até 10.000,42.4,102.8,"(90,95]","(25,50]",2.67
Sim,10.245980556479273,De 10.001 a 50.000,42.1,104.9,"(80,90]","(-Inf,25]",2.66
Não,9.818610260403027,Até 10.000,36.1,91.7,"(90,95]","(25,50]",2.75
Sim,10.060068134900424,Até 10.000,38.5,102.5,"(80,90]","(25,50]",2.73
Não,9.483235149301436,Até 10.000,32.1,97.4,"(80,90]","(25,50]",3.05
Não,9.88679042817019,Até 10.000,44.3,98.5,"(-Inf,80]","(-Inf,25]",2.63
Não,10.578795047967715,Até 10.000,38.2,105.6,"(80,90]","(-Inf,25]",2.71
Não,9.912806495987402,De 10.001 a 50.000,35.3,103,"(95,97.5]","(50,100]",2.9
Não,9.947654665902569,De 10.001 a 50.000,37.6,99.2,"(90,95]","(25,50]",2.76
Não,9.628599289171271,Até 10.000,40.5,100.9,"(90,95]","(50,100]",2.66
Não,10.54290399687502,Até 10.000,34.9,102,"(80,90]","(-Inf,25]",2.87
Não,9.390434449779786,Até 10.000,33.7,88.2,"(90,95]","(25,50]",2.93
Não,9.358628471843616,Até 10.000,36.7,92.2,"(90,95]","(50,100]",2.76
Sim,11.120686849883977,De 50.001 a 100.000,37.2,102.4,"(97.5,100]","(500, Inf]",2.88
Não,10.305130699580365,De 10.001 a 50.000,38.1,101.2,"(90,95]","(25,50]",2.72
Sim,10.937214771136633,Até 10.000,38,101.1,"(95,97.5]","(-Inf,25]",2.8
Não,10.159937438419458,Até 10.000,38.2,98.1,"(80,90]","(-Inf,25]",2.75
Não,10.513700849999804,Até 10.000,39.9,102.3,"(-Inf,80]","(-Inf,25]",2.72
Sim,10.606421436701646,De 50.001 a 100.000,38.4,103.6,"(95,97.5]","(50,100]",2.82
Sim,10.565661733849165,Até 10.000,36.5,96.2,"(80,90]","(-Inf,25]",2.92
Não,9.692562796766355,Até 10.000,39,105.6,"(95,97.5]","(25,50]",2.87
Não,10.719129539793448,Até 10.000,34.6,98.3,"(90,95]","(25,50]",2.76
Sim,10.630018492407089,De 10.001 a 50.000,37.3,104.3,"(95,97.5]","(100,500]",2.96
Sim,11.700152470353451,Mais de 100.000,35.6,107.7,"(97.5,100]","(500, Inf]",2.97
Não,10.482630019333318,Até 10.000,41.5,108.8,"(80,90]","(-Inf,25]",2.71
Sim,10.167043030304175,De 10.001 a 50.000,40.1,100.9,"(90,95]","(100,500]",2.84
Sim,10.314095413989948,Mais de 100.000,37.3,106.2,"(95,97.5]","(100,500]",2.86
Não,10.586178254171578,Até 10.000,36.9,102.4,"(90,95]","(25,50]",2.76
Não,9.557606289530046,Até 10.000,36.5,103.3,"(90,95]","(25,50]",2.77
Não,9.980291636910744,De 10.001 a 50.000,39,71.8,"(-Inf,80]","(25,50]",3.38
Não,10.200264391930828,De 10.001 a 50.000,38.9,98.8,"(80,90]","(-Inf,25]",2.69
Não,9.171181576905937,De 10.001 a 50.000,33.8,89.1,"(95,97.5]","(100,500]",2.88
Não,9.912547883496464,Até 10.000,41.8,101.5,"(80,90]","(25,50]",2.67
Sim,10.354119761502574,De 10.001 a 50.000,39.1,105.5,"(90,95]","(25,50]",2.75
Sim,9.806494707844948,De 10.001 a 50.000,36,101.5,"(97.5,100]","(25,50]",2.79
Sim,10.470864005599957,De 10.001 a 50.000,36.9,99.9,"(90,95]","(25,50]",2.93
Sim,9.700394759495767,De 10.001 a 50.000,36.3,99.2,"(-Inf,80]","(-Inf,25]",2.94
Não,10.30832546399759,Até 10.000,38.2,97,"(90,95]","(25,50]",2.8
Não,10.56047140138532,De 10.001 a 50.000,35,98.1,"(80,90]","(-Inf,25]",2.86
Não,10.40485236361538,Até 10.000,39.6,96.7,"(90,95]","(25,50]",2.64
Sim,10.39018389251228,De 10.001 a 50.000,40.3,97.9,"(80,90]","(25,50]",2.68
Sim,10.670879820849022,Até 10.000,34.6,98.4,"(80,90]","(25,50]",3.02
Sim,10.227366540299727,De 10.001 a 50.000,35.5,103.3,"(-Inf,80]","(50,100]",2.99
Não,10.736838534358954,Até 10.000,40.6,98.2,"(80,90]","(-Inf,25]",2.6
Sim,10.8010216738478,De 10.001 a 50.000,35.7,98.8,"(80,90]","(-Inf,25]",3
Não,10.031955962366489,Até 10.000,35.3,94.8,"(80,90]","(-Inf,25]",2.92
Sim,12.802186129383458,Mais de 100.000,35,102.6,"(97.5,100]","(500, Inf]",3.03
Não,9.922488387894807,Até 10.000,38.7,95.5,"(-Inf,80]","(-Inf,25]",2.79
Não,10.157287555881062,Até 10.000,37.4,100,"(90,95]","(-Inf,25]",2.68
Sim,10.723542456325745,De 10.001 a 50.000,36.1,100.8,"(90,95]","(50,100]",3
Não,9.652798714247277,Até 10.000,38.4,93.1,"(-Inf,80]","(25,50]",2.85
Não,10.159990828764407,Até 10.000,42,95,"(-Inf,80]","(-Inf,25]",2.62
Sim,11.085513322968678,De 10.001 a 50.000,36.2,98.4,"(-Inf,80]","(-Inf,25]",2.9
Sim,10.219558811456686,De 10.001 a 50.000,37.2,102.6,"(97.5,100]","(100,500]",2.93
Não,10.68137768498718,Até 10.000,39.5,102.3,"(80,90]","(-Inf,25]",2.87
Sim,9.547809254637837,De 10.001 a 50.000,35.5,100.9,"(-Inf,80]","(-Inf,25]",2.9
Sim,10.190949600784359,De 50.001 a 100.000,38.8,105.6,"(95,97.5]","(50,100]",2.82
Sim,10.317414094861883,De 10.001 a 50.000,38,104.8,"(90,95]","(25,50]",2.84
Não,10.074275350516272,Até 10.000,36.5,97.7,"(-Inf,80]","(25,50]",2.85
Sim,10.143467375075103,De 50.001 a 100.000,35.1,106.2,"(97.5,100]","(100,500]",3
Não,9.707512813789744,Até 10.000,37.6,100,"(90,95]","(25,50]",2.97
Sim,10.095154884539014,De 50.001 a 100.000,36.9,98.2,"(-Inf,80]","(50,100]",3.03
Sim,10.18596849754402,De 10.001 a 50.000,35.4,98.4,"(80,90]","(25,50]",3.05
Sim,10.86426682891335,Mais de 100.000,35.9,103.8,"(95,97.5]","(100,500]",3.03
Sim,10.044805240632833,De 10.001 a 50.000,38.4,97.4,"(90,95]","(50,100]",2.87
Sim,9.850163249678062,De 10.001 a 50.000,38.3,101.2,"(-Inf,80]","(50,100]",2.85
Não,9.667097907804855,Até 10.000,39.3,105.6,"(80,90]","(-Inf,25]",2.66
Não,9.401165669261358,De 10.001 a 50.000,38.9,106.7,"(90,95]","(50,100]",2.9
Sim,9.93580177840985,De 10.001 a 50.000,37.4,102.4,"(97.5,100]","(50,100]",2.89
Sim,11.181626384473391,Mais de 100.000,37.7,104.7,"(97.5,100]","(100,500]",2.89
Sim,10.21324063344345,De 10.001 a 50.000,38.2,106.5,"(90,95]","(50,100]",2.8
Não,9.933973594660785,De 10.001 a 50.000,37.3,83.3,"(80,90]","(25,50]",3.21
Não,10.128047700004048,De 10.001 a 50.000,39.9,99.5,"(90,95]","(50,100]",2.84
Não,10.1790151831157,De 10.001 a 50.000,32.6,103.1,"(97.5,100]","(100,500]",3.09
Não,10.202274981611227,De 10.001 a 50.000,37,105,"(95,97.5]","(50,100]",2.9
Sim,10.57463398169426,De 50.001 a 100.000,38.6,105.2,"(90,95]","(100,500]",2.79
Sim,9.809343892083467,De 10.001 a 50.000,37.9,102.9,"(80,90]","(25,50]",3
Sim,10.280504831044041,De 10.001 a 50.000,34.6,97.3,"(97.5,100]","(50,100]",2.9
Não,10.185072827229577,Até 10.000,35,94.3,"(80,90]","(-Inf,25]",2.91
Não,10.173139810330373,Até 10.000,36,94.2,"(80,90]","(-Inf,25]",2.84
Sim,10.573154466567145,Mais de 100.000,34.8,105.9,"(97.5,100]","(500, Inf]",3.09
Não,9.96250900761428,Até 10.000,39.2,103.3,"(80,90]","(25,50]",2.75
Não,11.010835242910641,De 10.001 a 50.000,38.4,104.1,"(90,95]","(25,50]",2.82
Sim,9.993310888926235,Até 10.000,41.6,98.3,"(80,90]","(-Inf,25]",2.61
Sim,9.840342726420976,De 10.001 a 50.000,33.1,90,"(97.5,100]","(100,500]",2.95
Não,9.766794596002594,Até 10.000,36.2,91.5,"(80,90]","(-Inf,25]",2.77
Não,10.35630146909915,Até 10.000,39.1,104.2,"(80,90]","(-Inf,25]",2.74
Não,10.097682095646611,Até 10.000,40.9,101,"(80,90]","(-Inf,25]",2.55
Sim,9.929314643313917,Até 10.000,38.4,97.8,"(-Inf,80]","(25,50]",2.77
Sim,10.972854329881969,De 50.001 a 100.000,37,100.3,"(80,90]","(50,100]",2.97
Sim,10.593678367350169,De 50.001 a 100.000,37.6,102.8,"(97.5,100]","(100,500]",2.9
Sim,9.344820564347836,De 10.001 a 50.000,33.8,79.3,"(-Inf,80]","(100,500]",3.62
Não,10.23255817898303,De 10.001 a 50.000,38.9,97.5,"(90,95]","(25,50]",2.82
Não,9.33264915098896,Até 10.000,33.4,39.2,"(-Inf,80]","(25,50]",5.3
Sim,10.333604296785385,De 10.001 a 50.000,35.2,97.5,"(90,95]","(100,500]",3
Sim,10.10460142250922,Mais de 100.000,35.4,108.3,"(97.5,100]","(500, Inf]",2.9
Não,10.033512680392318,Até 10.000,34.4,94.6,"(80,90]","(25,50]",2.93
Não,9.826908298510025,Até 10.000,38.9,102,"(80,90]","(-Inf,25]",2.73
Não,10.0401424992823,De 10.001 a 50.000,40.9,105.1,"(80,90]","(-Inf,25]",2.71
Não,9.909461671895773,De 10.001 a 50.000,37.1,105.7,"(90,95]","(25,50]",2.8
Sim,10.549385880495462,Mais de 100.000,38.4,108,"(97.5,100]","(100,500]",2.77
Sim,9.910637431127274,De 10.001 a 50.000,39.6,100.6,"(95,97.5]","(50,100]",2.78
Não,10.436609456565625,De 10.001 a 50.000,36.4,102.3,"(80,90]","(50,100]",2.97
Sim,10.335530973857963,Até 10.000,37.6,92.9,"(-Inf,80]","(-Inf,25]",2.85
Sim,10.476398284030783,De 10.001 a 50.000,36,101.1,"(95,97.5]","(-Inf,25]",2.89
Não,12.464933549621636,Até 10.000,34.5,96.9,"(90,95]","(-Inf,25]",2.84
Sim,10.204452515502325,De 10.001 a 50.000,35.5,96.9,"(80,90]","(50,100]",3.34
Não,10.121939716481332,Até 10.000,38.1,103,"(90,95]","(-Inf,25]",2.77
Sim,10.505444180961076,Até 10.000,36.4,102.7,"(90,95]","(50,100]",3.12
Sim,10.38411300742896,De 10.001 a 50.000,38.1,104.5,"(90,95]","(-Inf,25]",2.76
Não,9.575982292146241,Até 10.000,38.2,94.3,"(-Inf,80]","(-Inf,25]",2.79
Não,10.546247606961396,De 10.001 a 50.000,38.4,102.8,"(90,95]","(50,100]",2.8
Não,9.91771387679992,Até 10.000,35,57.3,"(-Inf,80]","(-Inf,25]",3.82
Sim,10.561877901980079,De 50.001 a 100.000,36.1,104.4,"(80,90]","(50,100]",2.95
Sim,10.083073704853508,Até 10.000,33.4,100.3,"(80,90]","(25,50]",3.24
Não,9.629300017859055,Até 10.000,37,96.8,"(-Inf,80]","(-Inf,25]",2.94
Sim,10.054800782034519,De 10.001 a 50.000,35.4,99.9,"(90,95]","(25,50]",2.91
Não,9.724588133543431,De 10.001 a 50.000,33.6,95.4,"(-Inf,80]","(25,50]",2.96
Não,10.353373611146237,Até 10.000,35,95.3,"(80,90]","(25,50]",2.89
Não,10.496207031083584,Até 10.000,39.5,101.2,"(80,90]","(-Inf,25]",2.86
Não,9.806021901371585,Até 10.000,41.5,103.3,"(80,90]","(-Inf,25]",2.67
Não,10.161455629454508,Até 10.000,36.2,98.3,"(-Inf,80]","(-Inf,25]",2.96
Sim,10.187279819494162,Mais de 100.000,37.7,104.6,"(97.5,100]","(500, Inf]",2.95
Sim,10.864113014046074,Mais de 100.000,37.4,107.8,"(97.5,100]","(500, Inf]",2.78
Não,9.370429100927232,Até 10.000,37.4,104.1,"(-Inf,80]","(-Inf,25]",2.8
Não,10.454799530501463,Até 10.000,39.1,100.5,"(80,90]","(-Inf,25]",2.69
Sim,9.818362032563435,De 10.001 a 50.000,36.4,99.8,"(80,90]","(25,50]",2.96
Sim,10.350449307535449,Até 10.000,40,99.3,"(90,95]","(25,50]",2.76
Sim,10.870868278133655,Mais de 100.000,38,105.6,"(97.5,100]","(100,500]",2.81
Sim,10.556538256573974,De 10.001 a 50.000,35.1,98.6,"(97.5,100]","(100,500]",2.98
Sim,9.591880206347534,De 50.001 a 100.000,34.6,102.7,"(97.5,100]","(500, Inf]",2.87
Não,9.873090198808539,De 10.001 a 50.000,34.9,78.3,"(-Inf,80]","(-Inf,25]",3.28
Não,11.308905756708722,De 10.001 a 50.000,37.4,103.6,"(95,97.5]","(-Inf,25]",2.77
Sim,10.25523186084465,De 10.001 a 50.000,35.4,99,"(95,97.5]","(50,100]",3.02
Não,9.968261202278802,Até 10.000,36.3,98.5,"(-Inf,80]","(-Inf,25]",2.8
Não,10.251433358162458,Até 10.000,41.1,104.4,"(80,90]","(-Inf,25]",2.71
Não,9.877924586297882,Até 10.000,38.4,101.4,"(90,95]","(-Inf,25]",2.82
Não,9.707795609159987,Até 10.000,39.1,102.7,"(80,90]","(-Inf,25]",2.77
Não,10.077329088707543,Até 10.000,38.3,99.1,"(90,95]","(-Inf,25]",2.78
Sim,12.679151665909012,De 10.001 a 50.000,38.2,102.6,"(90,95]","(25,50]",2.92
Sim,9.444535429805253,De 10.001 a 50.000,35.1,100.4,"(-Inf,80]","(25,50]",3.1
Não,9.667019371319551,Até 10.000,37.8,96.5,"(90,95]","(25,50]",2.79
Sim,10.352487771334072,Até 10.000,39.3,102.4,"(80,90]","(50,100]",2.9
Sim,11.122020885985702,Mais de 100.000,36.7,102.9,"(97.5,100]","(500, Inf]",2.92
Sim,10.671125364169388,De 10.001 a 50.000,35.7,102.2,"(-Inf,80]","(100,500]",3.16
Sim,10.11110235451271,Até 10.000,37,102.9,"(90,95]","(25,50]",2.85
Não,11.373794538462674,Até 10.000,34.7,97.8,"(80,90]","(-Inf,25]",3
Sim,10.003813767339715,De 10.001 a 50.000,38,100.1,"(90,95]","(25,50]",2.79
Não,10.175698562903323,Até 10.000,41.4,99.5,"(80,90]","(-Inf,25]",2.59
Sim,10.400746361848315,Mais de 100.000,38.2,102.5,"(97.5,100]","(500, Inf]",2.87
Sim,9.82901559106941,De 10.001 a 50.000,37.8,101.9,"(80,90]","(50,100]",2.89
Não,10.535416825945694,Até 10.000,40.4,95.1,"(80,90]","(-Inf,25]",2.73
Sim,10.31585147566878,Até 10.000,39.2,103.7,"(-Inf,80]","(25,50]",2.77
Sim,10.165955273190304,Até 10.000,37,103.5,"(-Inf,80]","(-Inf,25]",2.92
Sim,9.687845171963126,De 10.001 a 50.000,35.6,97.9,"(97.5,100]","(100,500]",2.91
Sim,10.683282502321745,De 10.001 a 50.000,37.7,104.8,"(90,95]","(25,50]",2.87
Sim,9.747893414757852,Até 10.000,36,95.4,"(95,97.5]","(25,50]",2.85
Não,10.574497247137609,De 10.001 a 50.000,39.9,108.6,"(95,97.5]","(100,500]",2.67
Sim,11.269076273766665,De 10.001 a 50.000,34.1,98.5,"(97.5,100]","(100,500]",2.83
Sim,10.22896384040769,De 50.001 a 100.000,35.8,101.4,"(80,90]","(100,500]",2.95
Sim,9.52251040193157,Até 10.000,35.1,101.4,"(95,97.5]","(50,100]",3.01
Sim,9.952102463254333,Até 10.000,34.4,99.4,"(90,95]","(-Inf,25]",2.91
Não,9.890921428477002,Até 10.000,37.9,102.2,"(90,95]","(-Inf,25]",2.73
Não,10.030186721080938,Até 10.000,45.3,98.8,"(-Inf,80]","(-Inf,25]",2.53
Sim,11.151328427378699,Mais de 100.000,34.3,103,"(97.5,100]","(500, Inf]",3.04
Não,10.15802899063775,Até 10.000,43.6,102.3,"(-Inf,80]","(-Inf,25]",2.59
Sim,10.162059249687973,De 10.001 a 50.000,40.8,106.8,"(90,95]","(25,50]",2.8
Sim,10.206975304531827,De 10.001 a 50.000,37.8,103.4,"(95,97.5]","(50,100]",2.9
Não,10.06809649643143,Até 10.000,42.4,98.1,"(-Inf,80]","(-Inf,25]",2.63
Não,9.915523825111245,De 10.001 a 50.000,39.3,105.8,"(90,95]","(25,50]",2.79
Sim,10.688062157479312,Mais de 100.000,38.3,108.1,"(97.5,100]","(500, Inf]",2.87
Sim,10.05372487085723,Até 10.000,38.3,95.9,"(-Inf,80]","(-Inf,25]",2.75
Sim,10.859678958645315,De 10.001 a 50.000,35.8,99.8,"(95,97.5]","(100,500]",2.9
Não,10.147051579454622,Até 10.000,37.8,98.5,"(80,90]","(-Inf,25]",2.77
Sim,10.28617043876168,Até 10.000,39.4,96.3,"(-Inf,80]","(50,100]",2.92
Não,9.80258209833854,Até 10.000,36.5,100.8,"(-Inf,80]","(25,50]",2.92
Não,9.488545429043354,Até 10.000,39.2,100.5,"(90,95]","(25,50]",2.7
Não,9.593900644696298,Até 10.000,35.9,98.6,"(97.5,100]","(25,50]",2.8
Sim,10.881854088046966,Mais de 100.000,40.4,116.5,"(97.5,100]","(500, Inf]",2.77
Não,9.918907058563724,De 10.001 a 50.000,39,100.4,"(-Inf,80]","(25,50]",2.83
Sim,11.054188369309621,Mais de 100.000,36.9,106.9,"(97.5,100]","(500, Inf]",2.86
Sim,11.41529212872647,Mais de 100.000,41.8,115.1,"(97.5,100]","(500, Inf]",2.76
Sim,10.800043426817686,Mais de 100.000,38.1,104.2,"(95,97.5]","(100,500]",2.78
Não,9.7394038700389,Até 10.000,40.9,101.6,"(80,90]","(25,50]",2.66
Sim,10.534726616076954,De 50.001 a 100.000,39.4,106.5,"(95,97.5]","(100,500]",2.74
Não,9.813940782333567,Até 10.000,39.9,103.6,"(-Inf,80]","(-Inf,25]",2.7
Não,9.931715372325995,Até 10.000,39,100.1,"(80,90]","(-Inf,25]",2.72
Não,10.049241939082364,Até 10.000,42.9,103.6,"(80,90]","(-Inf,25]",2.66
Sim,10.280296980465222,De 50.001 a 100.000,37.2,104.6,"(97.5,100]","(100,500]",2.89
Sim,9.89079737171961,Até 10.000,34.8,96.7,"(90,95]","(25,50]",2.95
Não,9.42947509867968,Até 10.000,37,101,"(-Inf,80]","(-Inf,25]",2.82
Sim,10.511450413293229,De 50.001 a 100.000,38.8,104,"(90,95]","(100,500]",2.94
Sim,10.651519619986685,Mais de 100.000,38.7,107.5,"(90,95]","(500, Inf]",2.71
Sim,11.032124716046845,Mais de 100.000,36.1,104.6,"(97.5,100]","(500, Inf]",2.97
Sim,9.71665121946004,De 10.001 a 50.000,35.2,99.4,"(90,95]","(50,100]",2.9
Não,9.687765146280421,De 10.001 a 50.000,38.3,97.6,"(-Inf,80]","(-Inf,25]",2.76
Sim,10.207368708488582,De 10.001 a 50.000,37.1,104.9,"(97.5,100]","(50,100]",2.99
Sim,10.10786532284322,De 10.001 a 50.000,35.5,98,"(-Inf,80]","(25,50]",2.95
Sim,11.07699408749675,Mais de 100.000,36.7,109.9,"(97.5,100]","(500, Inf]",2.87
Sim,10.066014057005212,De 10.001 a 50.000,38.1,106.2,"(80,90]","(50,100]",2.8
Não,10.05172478233132,Até 10.000,36.7,97.3,"(-Inf,80]","(-Inf,25]",2.79
Sim,10.503788639935177,De 50.001 a 100.000,37.3,104.6,"(95,97.5]","(100,500]",3
Sim,10.637050885273466,De 50.001 a 100.000,34.2,102,"(97.5,100]","(100,500]",2.77
Não,10.109121094496123,De 10.001 a 50.000,38,96.5,"(-Inf,80]","(25,50]",2.9
Sim,10.354139833893813,De 10.001 a 50.000,37.7,103.4,"(90,95]","(-Inf,25]",2.91
Sim,9.655697121960761,Mais de 100.000,36.1,107.8,"(97.5,100]","(500, Inf]",2.95
Sim,9.675051897711581,De 10.001 a 50.000,35.3,99.5,"(80,90]","(25,50]",2.9
Não,9.810272975421858,Até 10.000,36.4,99,"(80,90]","(25,50]",2.92
Não,11.205501395384223,Até 10.000,40.2,100,"(80,90]","(-Inf,25]",2.6
Sim,9.564248291230593,De 10.001 a 50.000,34.7,67.7,"(-Inf,80]","(25,50]",3.98
Sim,10.042124079259898,De 10.001 a 50.000,34.1,100.6,"(97.5,100]","(100,500]",3.01
Sim,10.209669565921235,De 10.001 a 50.000,39.9,106.8,"(80,90]","(100,500]",2.8
Sim,10.709480712633676,Mais de 100.000,36.2,102,"(97.5,100]","(100,500]",2.94
Não,10.153452960186625,De 10.001 a 50.000,35.1,98.3,"(-Inf,80]","(-Inf,25]",2.99
Não,9.559412185230908,De 10.001 a 50.000,35.3,94.8,"(95,97.5]","(100,500]",2.89
Sim,9.42164046560289,Até 10.000,36.5,99.4,"(-Inf,80]","(-Inf,25]",2.91
Sim,10.0524871310486,De 10.001 a 50.000,39.5,102.3,"(-Inf,80]","(50,100]",2.8
Sim,10.954883138494809,Mais de 100.000,36.5,104.5,"(97.5,100]","(500, Inf]",2.94
Não,10.051553615713997,Até 10.000,37.1,99.9,"(80,90]","(-Inf,25]",2.76
Sim,10.881386516441193,Mais de 100.000,35,102.3,"(97.5,100]","(500, Inf]",2.88
Sim,10.64041331260829,Mais de 100.000,34.7,104.4,"(95,97.5]","(500, Inf]",3.09
Não,10.632736886670296,Até 10.000,36.4,96.7,"(-Inf,80]","(-Inf,25]",2.91
Não,9.953438471340593,De 10.001 a 50.000,39.1,99.9,"(90,95]","(25,50]",2.75
Sim,9.675070747023897,De 10.001 a 50.000,36.3,95.9,"(90,95]","(25,50]",2.85
Sim,10.357247146429934,Mais de 100.000,34,108.2,"(97.5,100]","(500, Inf]",3.04
Sim,10.188127251659994,Até 10.000,37.4,101.5,"(80,90]","(-Inf,25]",2.83
Não,9.91006338428498,De 10.001 a 50.000,33.9,101.4,"(-Inf,80]","(50,100]",3.08
Sim,9.651661564859594,Até 10.000,37.9,100.7,"(90,95]","(50,100]",2.85
Sim,9.779171284215883,Até 10.000,39,74.7,"(90,95]","(25,50]",2.53
Sim,10.130980830060137,De 10.001 a 50.000,37.5,102.2,"(90,95]","(25,50]",2.96
Não,10.549308297153615,De 10.001 a 50.000,39.8,100.6,"(90,95]","(25,50]",2.7
Sim,9.862096646216239,Até 10.000,34.9,100.1,"(-Inf,80]","(-Inf,25]",3.02
Sim,9.9333657212505,De 10.001 a 50.000,38.5,103.8,"(90,95]","(50,100]",2.94
Não,9.549683483689078,Até 10.000,38,99.2,"(95,97.5]","(50,100]",2.88
Sim,10.240560323086454,De 50.001 a 100.000,37.9,103.4,"(95,97.5]","(50,100]",2.79
Sim,10.469488909262015,De 10.001 a 50.000,36.5,101,"(90,95]","(50,100]",2.93
Não,10.600489792795567,Até 10.000,32.8,100.5,"(-Inf,80]","(25,50]",3.09
Não,9.695477041968728,Até 10.000,35.3,101.9,"(90,95]","(25,50]",2.91
Não,10.609691372985763,De 10.001 a 50.000,35,97.1,"(95,97.5]","(25,50]",2.89
Sim,10.463314175387165,Mais de 100.000,35.6,103,"(95,97.5]","(100,500]",2.99
Sim,11.00654461521147,Mais de 100.000,36.7,104.3,"(97.5,100]","(100,500]",2.98
Não,9.866293344633329,Até 10.000,35.2,97.2,"(-Inf,80]","(-Inf,25]",3.1
Sim,10.021222142574597,De 10.001 a 50.000,35.8,102.5,"(80,90]","(-Inf,25]",2.82
Não,9.63623666796486,Até 10.000,36.7,98.9,"(95,97.5]","(25,50]",2.84
Sim,10.726010314788263,De 10.001 a 50.000,36.9,102.3,"(90,95]","(100,500]",2.91
Não,9.870730862497574,Até 10.000,39.6,95.5,"(-Inf,80]","(-Inf,25]",2.77
Não,9.506265873808752,Até 10.000,38.7,92.5,"(-Inf,80]","(25,50]",2.67
Não,9.976495419796297,Até 10.000,39.2,100.6,"(80,90]","(25,50]",2.84
Não,9.97887559790358,Até 10.000,36.3,102.6,"(90,95]","(25,50]",2.94
Sim,9.68937807085179,De 10.001 a 50.000,36.1,92.7,"(90,95]","(100,500]",3.44
Não,9.848992823230645,Até 10.000,40.3,101.3,"(80,90]","(25,50]",2.69
Sim,9.995646864474907,Até 10.000,39.3,99.1,"(-Inf,80]","(50,100]",2.9
Não,10.331357454920955,De 50.001 a 100.000,40.3,107.4,"(95,97.5]","(50,100]",2.79
Não,9.954100815754886,De 10.001 a 50.000,41.1,93.7,"(-Inf,80]","(50,100]",2.93
Não,9.929302949202633,Até 10.000,42.8,95.4,"(80,90]","(-Inf,25]",2.51
Sim,10.38782915008809,Até 10.000,44,104.7,"(-Inf,80]","(-Inf,25]",2.57
Não,10.819974465165581,Até 10.000,34.5,97.5,"(90,95]","(25,50]",2.93
Sim,10.207688189176553,De 50.001 a 100.000,35.3,102.9,"(97.5,100]","(100,500]",2.78
Não,9.893732627589982,Até 10.000,36.9,94.6,"(-Inf,80]","(-Inf,25]",2.79
Sim,10.126996637034942,Até 10.000,39.8,102.7,"(90,95]","(25,50]",2.75
Não,10.165394789505537,Até 10.000,36.4,93.5,"(80,90]","(-Inf,25]",2.92
Não,10.19797640620083,Até 10.000,41.2,102.2,"(80,90]","(25,50]",2.63
Não,10.317920330626553,Até 10.000,40.2,97.5,"(90,95]","(-Inf,25]",2.59
Não,10.345480649102193,De 10.001 a 50.000,40.1,102.7,"(90,95]","(25,50]",2.76
Não,10.177505950700928,De 10.001 a 50.000,37.1,100.2,"(90,95]","(50,100]",2.79
Sim,10.882309792844591,Mais de 100.000,38.3,103.6,"(95,97.5]","(500, Inf]",2.87
Não,10.45987269899313,De 10.001 a 50.000,35.7,83.9,"(95,97.5]","(25,50]",3.3
Sim,9.501939263666712,De 10.001 a 50.000,37.8,97.5,"(-Inf,80]","(50,100]",2.85
Sim,10.086105315456717,De 10.001 a 50.000,37.1,102.6,"(95,97.5]","(100,500]",2.88
Sim,10.645569886754021,De 50.001 a 100.000,33.9,102.1,"(97.5,100]","(500, Inf]",3.13
Sim,10.101261191944559,Mais de 100.000,35,101.5,"(97.5,100]","(500, Inf]",2.94
Não,9.72457378263502,De 10.001 a 50.000,38.8,104.6,"(90,95]","(25,50]",2.96
Sim,11.750809203970668,De 50.001 a 100.000,37.1,102.8,"(95,97.5]","(500, Inf]",2.97
Sim,9.842476668630097,De 10.001 a 50.000,37,99.7,"(95,97.5]","(50,100]",2.84
Sim,10.431242562143522,Até 10.000,36.2,96.3,"(90,95]","(50,100]",2.87
Não,9.931173242374138,Até 10.000,39.5,97.9,"(80,90]","(25,50]",2.79
Sim,10.264501170800694,Mais de 100.000,35.4,102.1,"(95,97.5]","(500, Inf]",3
Não,10.386547759982287,De 50.001 a 100.000,39.3,105.5,"(95,97.5]","(100,500]",2.64
Não,10.481552110540012,Até 10.000,39,101.6,"(80,90]","(-Inf,25]",2.67
Não,9.767123580515204,De 10.001 a 50.000,36.7,102,"(90,95]","(50,100]",3
Sim,10.276300672766073,De 10.001 a 50.000,36.5,100.8,"(-Inf,80]","(100,500]",3.02
